Customer ID,First Name,Last Name,Email,Phone
1,RxUbk,aCBcdXX,rxubkacbcdxx@example.com,4684624247
2,DNxDM,FJwRxxi,dnxdmfjwrxxi@example.com,7822689810
3,qyrER,BwiqEAr,qyrerbwiqear@example.com,4253554062
4,drMCY,nbiCqKL,drmcynbicqkl@example.com,1463024028
5,rOjLW,YqBXocv,rojlwyqbxocv@example.com,6061188636
6,SlImB,WlQvGcu,slimbwlqvgcu@example.com,9745017095
7,pBZCI,LjkVRFh,pbzciljkvrfh@example.com,9166072875
8,qUWlD,iEgflFP,quwldiegflfp@example.com,0848859463
9,LEcgv,WgdEMpe,lecgvwgdempe@example.com,8360145696
10,PBsdP,twcVvbp,pbsdptwcvvbp@example.com,3650805678
11,qsBJs,BAdmUQc,qsbjsbadmuqc@example.com,8548830582
12,AMyke,dznYSpi,amykedznyspi@example.com,2635412201
13,HvyPw,uGngvUh,hvypwugngvuh@example.com,6319750490
14,dsKZr,yXBkCJw,dskzryxbkcjw@example.com,4248310639
15,tqZJW,zuXLFEv,tqzjwzuxlfev@example.com,6418806228
16,dbusr,qrUctUa,dbusrqructua@example.com,8425562721
17,jUApH,WaBSrVU,juaphwabsrvu@example.com,4521969040
18,HJLlu,wBzcKZx,hjlluwbzckzx@example.com,8547444626
19,DfCUT,wPuzioZ,dfcutwpuzioz@example.com,4779374254
20,IyFZq,PKHqyJn,iyfzqpkhqyjn@example.com,5841984359
21,wZFve,kNQJQJW,wzfveknqjqjw@example.com,4591206427
22,noTNm,ZlEWJUG,notnmzlewjug@example.com,7442027219
23,fjztG,ieqvlvC,fjztgieqvlvc@example.com,6359115553
24,aGlng,pldymXy,aglngpldymxy@example.com,1448040077
25,AmasK,pIXlCTB,amaskpixlctb@example.com,1959688023
26,rTubF,vVThbrG,rtubfvvthbrg@example.com,5974060626
27,JRjMG,WkJvMPX,jrjmgwkjvmpx@example.com,5044195192
28,GKFRh,BhBTDlP,gkfrhbhbtdlp@example.com,6132952853
29,mdJyD,MSXBwNs,mdjydmsxbwns@example.com,2731970132
30,ABcpQ,BbEBBCP,abcpqbbebbcp@example.com,1540197354
31,dWuZr,FIfHLzr,dwuzrfifhlzr@example.com,9627368358
32,FlolM,TvHMShf,flolmtvhmshf@example.com,8555357186
33,upYUm,VfZBFKI,upyumvfzbfki@example.com,9311970338
34,KxVOk,saMIkww,kxvoksamikww@example.com,1749433197
35,WhZfr,NQdBoRP,whzfrnqdborp@example.com,6487792824
36,aIXnV,YAGpnHW,aixnvyagpnhw@example.com,5651349193
37,YKSYx,QrNYVSG,yksyxqrnyvsg@example.com,0300113606
38,fzQrE,DGxKsaO,fzqredgxksao@example.com,2979510240
39,ZqZai,gBvAHvU,zqzaigbvahvu@example.com,0771165492
40,gUTQG,GVWyhmc,gutqggvwyhmc@example.com,1036114350
41,znFyD,ZiQRnMf,znfydziqrnmf@example.com,0928553052
42,WGcOe,HLiKGVZ,wgcoehlikgvz@example.com,9764166475
43,dLhNw,jvGcIIX,dlhnwjvgciix@example.com,4796368569
44,MHMVY,KlTDxiu,mhmvykltdxiu@example.com,1566979660
45,TNwWt,EIrVogB,tnwwteirvogb@example.com,5233088751
46,JUKhS,YNMYwLY,jukhsynmywly@example.com,8218227439
47,kQUUw,SRUwHSr,kquuwsruwhsr@example.com,6187164545
48,obyCB,bKidyxB,obycbbkidyxb@example.com,0277045557
49,WIqYm,AiFBgCt,wiqymaifbgct@example.com,1784248354
50,qdqhr,olMfBWH,qdqhrolmfbwh@example.com,9547243035
51,OUvbV,BwgBaRt,ouvbvbwgbart@example.com,0116171084
52,TBCvJ,uyDgZQM,tbcvjuydgzqm@example.com,5032853318
53,HHeoP,POLCnUq,hheoppolcnuq@example.com,9004515141
54,lPpQK,GDPBnQF,lppqkgdpbnqf@example.com,0354054888
55,zWgdD,AHwDmRH,zwgddahwdmrh@example.com,4824596609
56,NEeeI,eoyRUdD,neeeieoyrudd@example.com,6932527212
57,gZVly,RkuKkxA,gzvlyrkukkxa@example.com,3747636081
58,TYuWY,yHkLkPz,tyuwyyhklkpz@example.com,0225022603
59,xNTQS,CWUYRoF,xntqscwuyrof@example.com,4138702323
60,ZUDOf,yJRNGxR,zudofyjrngxr@example.com,4863200525
61,nXQKO,BSLyOdS,nxqkobslyods@example.com,2844248563
62,rHTTw,FVoYJhJ,rhttwfvoyjhj@example.com,2647169524
63,puWcr,HdNswHG,puwcrhdnswhg@example.com,7137328579
64,RUlYY,zpfvPqu,rulyyzpfvpqu@example.com,9290199088
65,jpetP,WCYjQRT,jpetpwcyjqrt@example.com,4093253025
66,ZThaI,SgRFdCz,zthaisgrfdcz@example.com,0428097501
67,WlnZa,ozEIdGb,wlnzaozeidgb@example.com,0128271229
68,PtoQf,NpGwZMM,ptoqfnpgwzmm@example.com,4240614565
69,RemDj,CKudvGr,remdjckudvgr@example.com,9053605529
70,YaFnf,OoicBGj,yafnfooicbgj@example.com,9271120765
71,bkdZV,ZEsgmLY,bkdzvzesgmly@example.com,1082559495
72,sACqH,aITeUjJ,sacqhaiteujj@example.com,4551561115
73,TWfPQ,dODZllk,twfpqdodzllk@example.com,7878878326
74,bylKG,LVyKGkF,bylkglvykgkf@example.com,4078227707
75,stvPk,sWONicP,stvpkswonicp@example.com,6334448538
76,xQApA,wYfCzvl,xqapawyfczvl@example.com,7056797953
77,wYLlq,TihunvW,wyllqtihunvw@example.com,2710609316
78,renYG,dNCNmNM,renygdncnmnm@example.com,0062500760
79,VGJyV,TAoTjhX,vgjyvtaotjhx@example.com,5315025998
80,jGWvF,gymCLBB,jgwvfgymclbb@example.com,8910936389
81,qeBFv,YnUwbDB,qebfvynuwbdb@example.com,2559157057
82,CyMHX,zpJCpTw,cymhxzpjcptw@example.com,6065031705
83,QwSbG,zKZgofw,qwsbgzkzgofw@example.com,0674000841
84,JJumI,ilEEfXU,jjumiileefxu@example.com,1065284908
85,xhPZE,okjeNLp,xhpzeokjenlp@example.com,5312672238
86,qfDVl,YfTXedq,qfdvlyftxedq@example.com,0192381749
87,Vykwj,TzdwSoR,vykwjtzdwsor@example.com,7719476175
88,LKpoH,AbpNVJP,lkpohabpnvjp@example.com,0557297798
89,GjFuE,FRbIJTi,gjfuefrbijti@example.com,1564126103
90,htTVo,MVkcsAi,httvomvkcsai@example.com,0041221120
91,mmbEC,QnFBCxC,mmbecqnfbcxc@example.com,7847888914
92,tgHEd,PArGTZa,tghedpargtza@example.com,1627982608
93,EaZMb,YyDIrgv,eazmbyydirgv@example.com,4438143772
94,SIQfJ,fkVRmnA,siqfjfkvrmna@example.com,4722879753
95,vAEKm,LYdJmaK,vaekmlydjmak@example.com,6480075611
96,bcAgn,jxeXzpQ,bcagnjxexzpq@example.com,3094476639
97,xoEmC,kJTMsmI,xoemckjtmsmi@example.com,8037165387
98,Pgozy,gGazkIm,pgozyggazkim@example.com,8703090058
99,iTQyf,EaCuLin,itqyfeaculin@example.com,9991573787
100,gXaDL,iVKZYyr,gxadlivkzyyr@example.com,4369822121
101,eIYCM,mJfBUQj,eiycmmjfbuqj@example.com,4572877080
102,foAqf,oLKLkiq,foaqfolklkiq@example.com,6437747769
103,yaXFK,JOModQz,yaxfkjomodqz@example.com,1389435687
104,NExxl,qakYSVR,nexxlqakysvr@example.com,9339715712
105,zjPIy,PbSCnNv,zjpiypbscnnv@example.com,2192881965
106,NsSpN,oroSxmW,nsspnorosxmw@example.com,0245917864
107,NCzLL,PzbLhlG,nczllpzblhlg@example.com,1301960905
108,qTjyf,QKKvGUC,qtjyfqkkvguc@example.com,8772132147
109,JKLLm,hClDMWr,jkllmhcldmwr@example.com,3920776287
110,ingge,UPztGls,inggeupztgls@example.com,9821184227
111,IWEny,jrJTnpB,iwenyjrjtnpb@example.com,8892384783
112,yptQX,IfuSvgj,yptqxifusvgj@example.com,1993708151
113,iYIgc,TkgsTyu,iyigctkgstyu@example.com,0340263535
114,pVyAU,blwSqaT,pvyaublwsqat@example.com,0547660448
115,yftWA,QFkJXRb,yftwaqfkjxrb@example.com,5278371572
116,NtvFH,XIcIure,ntvfhxiciure@example.com,0352911732
117,rXqje,NQjkiEt,rxqjenqjkiet@example.com,0925540609
118,DmWrc,jwifkvQ,dmwrcjwifkvq@example.com,3630696579
119,AtfON,CgCoFVP,atfoncgcofvp@example.com,0322675870
120,aAMIn,hGUVhQF,aaminhguvhqf@example.com,8816951835
121,GINLr,syAGLlC,ginlrsyagllc@example.com,8021404280
122,inlZb,kdXcFQL,inlzbkdxcfql@example.com,9363991283
123,cfwnr,EadMDTK,cfwnreadmdtk@example.com,6776213778
124,NLBSk,nvQwyuI,nlbsknvqwyui@example.com,6827359676
125,StHGm,oGrwoJP,sthgmogrwojp@example.com,3034061876
126,ZFXiX,bpuNJfm,zfxixbpunjfm@example.com,0316689956
127,rMIAH,dClVIBr,rmiahdclvibr@example.com,8125272732
128,awZCo,vpBMolu,awzcovpbmolu@example.com,2711991769
129,XAAUN,kFzyxyl,xaaunkfzyxyl@example.com,5145709000
130,XTjdi,ackNjYr,xtjdiacknjyr@example.com,7889198997
131,cZboM,dxGBWwY,czbomdxgbwwy@example.com,3657234851
132,QosNQ,puYVMgP,qosnqpuyvmgp@example.com,1945488268
133,HatyC,MWqzglX,hatycmwqzglx@example.com,4092741326
134,SPlCE,KJMxgvr,splcekjmxgvr@example.com,6527816717
135,kwVlI,cntRTVi,kwvlicntrtvi@example.com,6482624099
136,afehD,CtGQtKr,afehdctgqtkr@example.com,3001390831
137,edIfB,IGHGBsc,edifbighgbsc@example.com,7808101044
138,KIkpx,eeBgDlQ,kikpxeebgdlq@example.com,3357859723
139,BIGNU,TcvnGfD,bignutcvngfd@example.com,5256577168
140,vnMBH,VNVyhiU,vnmbhvnvyhiu@example.com,3946700512
141,uoDhA,Rjjjaos,uodharjjjaos@example.com,2213893590
142,zNNda,HUjnctu,znndahujnctu@example.com,2852674322
143,rUihu,aXEgKkW,ruihuaxegkkw@example.com,5219705421
144,HTKFf,tWyFAMs,htkfftwyfams@example.com,9895340342
145,sfpTE,CkANeVA,sfpteckaneva@example.com,3027643927
146,oYDTq,tuosDLB,oydtqtuosdlb@example.com,1872758863
147,TmFVg,pzEmpmt,tmfvgpzempmt@example.com,5387623733
148,HGuwP,icudUFi,hguwpicudufi@example.com,7089814164
149,ehezK,RotjFHZ,ehezkrotjfhz@example.com,7194085268
150,VEAOc,YatFMms,veaocyatfmms@example.com,7279357973
151,mHtSx,dQxhnVk,mhtsxdqxhnvk@example.com,3589811565
152,uQvla,YiiVjPG,uqvlayiivjpg@example.com,0943417872
153,DvLio,nZQrhyj,dvlionzqrhyj@example.com,2289027906
154,nbSLT,kaojYxm,nbsltkaojyxm@example.com,5152889784
155,gHKJl,vlnFMrF,ghkjlvlnfmrf@example.com,0598410658
156,fzJJE,vMjfxMA,fzjjevmjfxma@example.com,0129832367
157,TFKGP,DJWrzRL,tfkgpdjwrzrl@example.com,8873336233
158,ocrdF,nsVPKga,ocrdfnsvpkga@example.com,8759128031
159,WJWso,FMhBago,wjwsofmhbago@example.com,9658070926
160,eVooR,WtqEyXb,evoorwtqeyxb@example.com,2759908792
161,SSvgp,HquMlqs,ssvgphqumlqs@example.com,5971045333
162,fYTXS,wTeiRdP,fytxswteirdp@example.com,1021835739
163,OArsi,LoZmzSH,oarsilozmzsh@example.com,0374622121
164,QSwMm,PTMmvsR,qswmmptmmvsr@example.com,4350596425
165,mreCt,BRemeSP,mrectbremesp@example.com,9977959683
166,ANKOw,CMLunlQ,ankowcmlunlq@example.com,0181271054
167,xTgfs,RozhskR,xtgfsrozhskr@example.com,9569339600
168,aYAjc,jBTfoJn,ayajcjbtfojn@example.com,5181700696
169,ZbObX,KewfdnQ,zbobxkewfdnq@example.com,1177782284
170,miskS,CwOBDaD,miskscwobdad@example.com,5544542650
171,gwZlc,vhVCrqs,gwzlcvhvcrqs@example.com,6977194876
172,xcyDW,oKGBBtJ,xcydwokgbbtj@example.com,3482468758
173,GRKOk,PEGsgEO,grkokpegsgeo@example.com,0584115970
174,WfUhU,eWucSDI,wfuhuewucsdi@example.com,8003337331
175,vWNYr,Fgcqbyh,vwnyrfgcqbyh@example.com,9091581873
176,OlfVM,ZelwzgE,olfvmzelwzge@example.com,1805451861
177,bTjIv,ztwcPZi,btjivztwcpzi@example.com,5207824809
178,MfMJb,nzuaBlv,mfmjbnzuablv@example.com,9771275465
179,Sdovi,ilknChA,sdoviilkncha@example.com,1097846803
180,igmoy,eZhmmbm,igmoyezhmmbm@example.com,6585810921
181,KpxkG,MyQFEoh,kpxkgmyqfeoh@example.com,5127143952
182,TWkzV,opapNqa,twkzvopapnqa@example.com,9555682917
183,LaIJj,HFApEUk,laijjhfapeuk@example.com,5191533393
184,tqxqn,vxXTLeR,tqxqnvxxtler@example.com,9358439498
185,SAdae,gGHmHTh,sadaegghmhth@example.com,8529151942
186,zkMcG,EJQKrRL,zkmcgejqkrrl@example.com,1161681605
187,erHAU,YhGrVNA,erhauyhgrvna@example.com,4040308753
188,feKrl,xDgTMyV,fekrlxdgtmyv@example.com,5051964603
189,CkqJS,BVwZILK,ckqjsbvwzilk@example.com,2655965989
190,kStkr,EOEsiPE,kstkreoesipe@example.com,4682764453
191,DlgyV,MYwVjkM,dlgyvmywvjkm@example.com,9341829903
192,jTXGc,AfAWplN,jtxgcafawpln@example.com,6986805913
193,PEAvq,aBtllRI,peavqabtllri@example.com,0846319129
194,SbANk,XGnKBBv,sbankxgnkbbv@example.com,4291572328
195,GowOR,MQkEoOc,gowormqkeooc@example.com,0036255743
196,stYKn,kfmjAMU,styknkfmjamu@example.com,3598215786
197,fRJsO,sKVhfXA,frjsoskvhfxa@example.com,7343078543
198,pvlMX,IjXMycQ,pvlmxijxmycq@example.com,4981536186
199,JwqeH,pTJXNIV,jwqehptjxniv@example.com,3410392379
200,qKUBZ,JLpAJPR,qkubzjlpajpr@example.com,1510523717
201,BTuWU,QGwsrQY,btuwuqgwsrqy@example.com,1071733075
202,RJbxf,EGGxVXe,rjbxfeggxvxe@example.com,8029368902
203,RLvgY,pZhMFWn,rlvgypzhmfwn@example.com,8942994404
204,KRHqm,mhWDvgW,krhqmmhwdvgw@example.com,6475249786
205,EYmVc,bbMSHrI,eymvcbbmshri@example.com,0907865463
206,jKiXt,fXPWczm,jkixtfxpwczm@example.com,2300444071
207,BIGdr,nfJkXKB,bigdrnfjkxkb@example.com,4254754269
208,XFVjE,wblHFgb,xfvjewblhfgb@example.com,7594576297
209,WLQcL,SPjPthw,wlqclspjpthw@example.com,2226380882
210,qhvia,yPfDffY,qhviaypfdffy@example.com,7930169870
211,lCfrf,xQqknsv,lcfrfxqqknsv@example.com,2401681392
212,OhTmi,uYbMrzg,ohtmiuybmrzg@example.com,1168379815
213,NQmJY,sGWIfKq,nqmjysgwifkq@example.com,2236301182
214,nzsiU,bntxbsy,nzsiubntxbsy@example.com,3513922617
215,rAwWq,owATrAl,rawwqowatral@example.com,9731944948
216,EImNc,TpNBunN,eimnctpnbunn@example.com,9210770688
217,CpfOH,OQqAlRR,cpfohoqqalrr@example.com,0478222812
218,hkAwB,yTUDdmZ,hkawbytuddmz@example.com,3901443451
219,RNCWJ,ZKMEqSz,rncwjzkmeqsz@example.com,5553386434
220,wRXvU,aTgVDmL,wrxvuatgvdml@example.com,6052141981
221,lpHmF,PDLwTry,lphmfpdlwtry@example.com,4959601256
222,Lyfqw,EuIFsOL,lyfqweuifsol@example.com,2240441426
223,aBurb,iLfEXJe,aburbilfexje@example.com,6851494273
224,CSXeN,XfiPRNq,csxenxfiprnq@example.com,7323230854
225,RdmbW,VvFiTnN,rdmbwvvfitnn@example.com,2178510981
226,CEKbq,xhtfZpK,cekbqxhtfzpk@example.com,5567807078
227,xxHjw,cjabGWF,xxhjwcjabgwf@example.com,9675800569
228,OQEzS,TFJbHiR,oqezstfjbhir@example.com,5263589366
229,uQJbT,rTsytHN,uqjbtrtsythn@example.com,5197119838
230,uNOwb,jcbuNlT,unowbjcbunlt@example.com,7570551373
231,THijV,HFyIfpg,thijvhfyifpg@example.com,2348734895
232,dNOWh,mkCSfuk,dnowhmkcsfuk@example.com,2136563225
233,Xskmd,daFVxDz,xskmddafvxdz@example.com,0628810141
234,OPirg,PhSwTnC,opirgphswtnc@example.com,5036140227
235,pKGKA,BiZkPys,pkgkabizkpys@example.com,3612460804
236,cqGvE,MsgGvOg,cqgvemsggvog@example.com,8866554928
237,ElFcg,ZVfdJzK,elfcgzvfdjzk@example.com,8610135279
238,IefOV,oTztiyz,iefovotztiyz@example.com,6535651784
239,umaKx,CyxhzWi,umakxcyxhzwi@example.com,6816548969
240,hoVOU,RGuTLkd,hovourgutlkd@example.com,7137549051
241,WBWLx,ROfPzPa,wbwlxrofpzpa@example.com,1535794292
242,CQWri,wjvvXZF,cqwriwjvvxzf@example.com,5799822613
243,hhLHQ,aXFFFiu,hhlhqaxfffiu@example.com,7295495142
244,ZfLdb,eGcCiqV,zfldbegcciqv@example.com,2280116843
245,hFmyO,usfNSxS,hfmyousfnsxs@example.com,6443985992
246,jRVsL,fgaGxCR,jrvslfgagxcr@example.com,1050770341
247,zNuSh,xDKoNKq,znushxdkonkq@example.com,6511266730
248,TFJZg,LQmxQES,tfjzglqmxqes@example.com,0670030577
249,igdgP,BKGHQHW,igdgpbkghqhw@example.com,9524887534
250,AvVZd,JimTbon,avvzdjimtbon@example.com,2324792620
251,MNZpq,JKNgtnp,mnzpqjkngtnp@example.com,4631457817
252,WArog,UGEUyhu,warogugeuyhu@example.com,9397390604
253,LdNzo,lLHBEgy,ldnzollhbegy@example.com,2382855174
254,KOcZp,GWKJrzz,koczpgwkjrzz@example.com,4569059513
255,eZefE,MVGGvvN,ezefemvggvvn@example.com,2569097458
256,PpGdY,jaEtlpU,ppgdyjaetlpu@example.com,3991413277
257,hSgEI,hIGtjKd,hsgeihigtjkd@example.com,3147428005
258,DVwxY,IfMhTyX,dvwxyifmhtyx@example.com,3073935758
259,THUVE,HilbCak,thuvehilbcak@example.com,9175397141
260,rquNX,hVKLSSy,rqunxhvklssy@example.com,4995744672
261,wJzZT,nQAqxea,wjzztnqaqxea@example.com,0954046939
262,BLPln,yYkPihe,blplnyykpihe@example.com,8622105361
263,RhKcU,nNvaURI,rhkcunnvauri@example.com,9111376553
264,ebmag,lQJsnuO,ebmaglqjsnuo@example.com,5128726004
265,ENAzd,muBFCPF,enazdmubfcpf@example.com,2335636898
266,mKlGB,TgfYeta,mklgbtgfyeta@example.com,7123354978
267,nWaRc,SPBGTrW,nwarcspbgtrw@example.com,2440401773
268,lNIOG,xUSfowF,lniogxusfowf@example.com,3292410262
269,VgPiu,VncJSbI,vgpiuvncjsbi@example.com,0225839097
270,XXbXB,kKcxETJ,xxbxbkkcxetj@example.com,8969856480
271,muRNZ,xmvPTHw,murnzxmvpthw@example.com,2050796968
272,btmPy,DxGApgX,btmpydxgapgx@example.com,4104652722
273,YJkwm,cbhLPRz,yjkwmcbhlprz@example.com,6260639602
274,FtkYI,DdCEFcQ,ftkyiddcefcq@example.com,6860226795
275,RzYrn,jTVylTQ,rzyrnjtvyltq@example.com,8885162753
276,BriZt,CKLrgfn,briztcklrgfn@example.com,9155441782
277,oXZzn,gffHJff,oxzzngffhjff@example.com,9414588245
278,RQPvs,yTyoysC,rqpvsytyoysc@example.com,4724452984
279,KjKxv,YKLQTjW,kjkxvyklqtjw@example.com,4440674989
280,rgLvG,cJeOCqF,rglvgcjeocqf@example.com,1835190418
281,lCQLg,hAfmCBA,lcqlghafmcba@example.com,6394987972
282,PyLkx,MUjmbxg,pylkxmujmbxg@example.com,6559405041
283,jVDrR,tOpGVlQ,jvdrrtopgvlq@example.com,6695533055
284,wJbOx,lMBFeQj,wjboxlmbfeqj@example.com,3643554309
285,fDJjh,uitqdzU,fdjjhuitqdzu@example.com,0925553267
286,AXuII,uXWaEGG,axuiiuxwaegg@example.com,4616012160
287,auXsj,gmNSqjL,auxsjgmnsqjl@example.com,4025123328
288,nyFux,qIqoYaT,nyfuxqiqoyat@example.com,4345855651
289,qePeX,ZSGsKxP,qepexzsgskxp@example.com,1123666073
290,mhZfi,AuVYBwq,mhzfiauvybwq@example.com,9436797533
291,ihTyC,UqsBBfp,ihtycuqsbbfp@example.com,0342160525
292,Sgyum,eldUuhe,sgyumelduuhe@example.com,2907544645
293,aVTHJ,HzYCzua,avthjhzyczua@example.com,9252812216
294,WtZUe,YWPItEO,wtzueywpiteo@example.com,5506021837
295,bhdXu,oCiEBMh,bhdxuociebmh@example.com,8565768372
296,nkzgW,QhjXZsS,nkzgwqhjxzss@example.com,0437284472
297,GYSye,PdsfKNC,gysyepdsfknc@example.com,8285763439
298,ctAIn,CXzJKeR,ctaincxzjker@example.com,3583671006
299,GPlmq,qpoPokG,gplmqqpopokg@example.com,3565764047
300,ZhMXe,sznjSjI,zhmxesznjsji@example.com,9025524016
301,TQpEE,IanZPuf,tqpeeianzpuf@example.com,0466862548
302,RYRnx,rQEWgWu,ryrnxrqewgwu@example.com,3540156329
303,fRYtS,FUZgjaD,frytsfuzgjad@example.com,3573240557
304,bvfHN,RzuyvPG,bvfhnrzuyvpg@example.com,3760884587
305,rHENn,ZEMSYep,rhennzemsyep@example.com,5558919851
306,YaBxu,EixfDTh,yabxueixfdth@example.com,3197112625
307,tGzWw,mifNkBK,tgzwwmifnkbk@example.com,6281867326
308,sbivR,KnvUvOi,sbivrknvuvoi@example.com,7999782008
309,DyWQU,MdGnQkq,dywqumdgnqkq@example.com,4146357218
310,kNdrO,fZqdDjY,kndrofzqddjy@example.com,3104826426
311,ZKpBp,qORCycx,zkpbpqorcycx@example.com,1897779304
312,dIZyg,xrOSYeU,dizygxrosyeu@example.com,6547163400
313,WDbZv,blnyses,wdbzvblnyses@example.com,7126555598
314,sxyNX,LeJwSYA,sxynxlejwsya@example.com,9590056588
315,xPCBp,XlSjBTP,xpcbpxlsjbtp@example.com,3080607202
316,PmlwM,FVulqiE,pmlwmfvulqie@example.com,3956657607
317,dKqfr,qLlJFsK,dkqfrqlljfsk@example.com,0647895881
318,GiMqt,QitwwKG,gimqtqitwwkg@example.com,5717397122
319,UfeYE,TPZiaDV,ufeyetpziadv@example.com,1463975499
320,PVuiF,JReaNnq,pvuifjreannq@example.com,9772288004
321,gLsAt,eJbfOAO,glsatejbfoao@example.com,2812506756
322,ULJaL,LWCSxJz,uljallwcsxjz@example.com,0300951248
323,OBLAq,qvbsPjH,oblaqqvbspjh@example.com,3323538134
324,DwUak,HnAgEhH,dwuakhnagehh@example.com,7769148535
325,gLQKT,TOOTrJI,glqkttootrji@example.com,1697308133
326,nLXXV,oHKQRJb,nlxxvohkqrjb@example.com,3847983235
327,RZyCC,uxYGdyS,rzyccuxygdys@example.com,0535069212
328,LjBjm,PZVGWye,ljbjmpzvgwye@example.com,8069805849
329,cdeQK,ttTSSMA,cdeqktttssma@example.com,8567938184
330,cAggS,zfoApfd,caggszfoapfd@example.com,6394851536
331,ToFzq,mZgwQaX,tofzqmzgwqax@example.com,3417230351
332,INcJX,qmqgZxs,incjxqmqgzxs@example.com,9435618838
333,wHxgY,xMYCCNI,whxgyxmyccni@example.com,7651942056
334,lfHNh,KIntaky,lfhnhkintaky@example.com,5753005901
335,tNOoh,DBnEpOy,tnoohdbnepoy@example.com,6180508745
336,AoXwv,KrvZZow,aoxwvkrvzzow@example.com,9310013858
337,tdOub,TihcYTG,tdoubtihcytg@example.com,0051265771
338,HMelU,PmnYMDl,hmelupmnymdl@example.com,3977302949
339,WRjzb,MkJobDq,wrjzbmkjobdq@example.com,6500373368
340,cYCeC,LXxTcml,cyceclxxtcml@example.com,4961652106
341,gpCjt,VChmwbx,gpcjtvchmwbx@example.com,3779261009
342,ctZVr,LSswvQy,ctzvrlsswvqy@example.com,4998795924
343,XUSrU,JJdGsvp,xusrujjdgsvp@example.com,0344456217
344,igaRH,NybNbNV,igarhnybnbnv@example.com,5534972816
345,sJNgM,MweLHId,sjngmmwelhid@example.com,6856005385
346,xvySM,SIbNgTX,xvysmsibngtx@example.com,6826222817
347,eQBBV,XvbyFNY,eqbbvxvbyfny@example.com,4468058436
348,GwmIT,VParEmx,gwmitvparemx@example.com,2645636818
349,NoQuH,eUjPDFw,noquheujpdfw@example.com,4341988629
350,DCYhx,SHeuWCK,dcyhxsheuwck@example.com,7834240143
351,lDpgK,DXgARBV,ldpgkdxgarbv@example.com,6411642792
352,LlGUH,ShNErHJ,llguhshnerhj@example.com,6046608523
353,BJgAo,JeKsPbV,bjgaojekspbv@example.com,0358026525
354,wXvKy,UyXCYEi,wxvkyuyxcyei@example.com,6869595953
355,vNBcj,eSnKNDh,vnbcjesnkndh@example.com,0540310435
356,FKAwz,Urnbscu,fkawzurnbscu@example.com,2524340768
357,GjIRF,BbbWCNw,gjirfbbbwcnw@example.com,9239282906
358,lqRwn,zCfFvxi,lqrwnzcffvxi@example.com,6066708569
359,YwiGT,MKNVznA,ywigtmknvzna@example.com,0955320503
360,QjXHG,XrHItMV,qjxhgxrhitmv@example.com,7015825147
361,EvhDP,drxInKT,evhdpdrxinkt@example.com,0223838698
362,LvzHt,MpiSLuT,lvzhtmpislut@example.com,4271021602
363,pahfv,GdhAgQB,pahfvgdhagqb@example.com,4100108351
364,LMlQJ,oRnQJfT,lmlqjornqjft@example.com,7547290622
365,PySST,PnxLfny,pysstpnxlfny@example.com,3435897058
366,korsZ,UjCjcaE,korszujcjcae@example.com,3836752620
367,GscRr,sIxdAXm,gscrrsixdaxm@example.com,4981822019
368,zaEBN,RIHrtAd,zaebnrihrtad@example.com,3257951941
369,ccvkI,VFaLHPr,ccvkivfalhpr@example.com,9578184132
370,IXilD,uOOXyVC,ixilduooxyvc@example.com,0877351186
371,bPkbd,bmQcTGZ,bpkbdbmqctgz@example.com,7239329527
372,groqS,MpiOkmI,groqsmpiokmi@example.com,8932826441
373,MNEMQ,BtQwiKr,mnemqbtqwikr@example.com,5434089860
374,WlHsp,nOSOHaS,wlhspnosohas@example.com,2305283319
375,JhKLl,Tqpznja,jhklltqpznja@example.com,9839996466
376,FpISs,oSbePhC,fpissosbephc@example.com,7925988354
377,PERgy,hCsQioB,pergyhcsqiob@example.com,3442656328
378,wMuKz,teXzYTY,wmukztexzyty@example.com,9221757325
379,oDano,wQENUWT,odanowqenuwt@example.com,6965824063
380,NfsSa,GOOaKBU,nfssagooakbu@example.com,8520532553
381,ueRho,FzpmulL,uerhofzpmull@example.com,9738530238
382,vpxBN,iTrLnUc,vpxbnitrlnuc@example.com,6208609760
383,ISJcc,gBiTPdt,isjccgbitpdt@example.com,7571815171
384,JBZUg,uIRrogO,jbzuguirrogo@example.com,4585139687
385,YxaSY,kXxICwA,yxasykxxicwa@example.com,0268118645
386,WFQhN,kpwlFEG,wfqhnkpwlfeg@example.com,1165766666
387,IusFl,oAOWZgx,iusfloaowzgx@example.com,0001582277
388,rQshz,YQYykMy,rqshzyqyykmy@example.com,6655373154
389,vYbSI,JidMXzX,vybsijidmxzx@example.com,6429003271
390,XzNpJ,KqucXAi,xznpjkqucxai@example.com,6445416412
391,usNyo,scqKiwb,usnyoscqkiwb@example.com,0853433527
392,BCjdZ,SyeTDXu,bcjdzsyetdxu@example.com,7945976653
393,iEKCp,HeMpiiL,iekcphempiil@example.com,7806679409
394,gVjGl,xYafDug,gvjglxyafdug@example.com,6288727355
395,hkufi,BzvotTO,hkufibzvotto@example.com,4905263400
396,LmDUe,qfIenDu,lmdueqfiendu@example.com,4848034244
397,oniLk,JGZtZpw,onilkjgztzpw@example.com,3187793845
398,XWmfU,oDizrmr,xwmfuodizrmr@example.com,7474702695
399,vkypT,olVPNpR,vkyptolvpnpr@example.com,6382011237
400,tqnZe,GFSHxQO,tqnzegfshxqo@example.com,1628403553
401,JMIHX,wVLfZCz,jmihxwvlfzcz@example.com,6835559831
402,PfkCx,ftHQXSM,pfkcxfthqxsm@example.com,1503414728
403,IPmcd,oeASkZb,ipmcdoeaskzb@example.com,8535014757
404,bXWvq,GDnqLJX,bxwvqgdnqljx@example.com,4607666268
405,UCQQl,ybCyBKF,ucqqlybcybkf@example.com,0327454161
406,jcXkU,gYcCtRs,jcxkugycctrs@example.com,2195917397
407,tRyQr,WSyNoBW,tryqrwsynobw@example.com,5505431133
408,XlVvG,XELZAVT,xlvvgxelzavt@example.com,1220907545
409,yQhjq,oYByGIs,yqhjqoybygis@example.com,7967360387
410,UBJjm,ZyUEhak,ubjjmzyuehak@example.com,4630851714
411,XxmbS,lYFKKcj,xxmbslyfkkcj@example.com,1263533177
412,uajLx,layYvjQ,uajlxlayyvjq@example.com,4829645717
413,XBikx,YuYLXCM,xbikxyuylxcm@example.com,3912398008
414,gwPzi,ntcWKlp,gwpzintcwklp@example.com,9242638508
415,JFMGw,DLsitsz,jfmgwdlsitsz@example.com,0088643407
416,hYzjE,dytiQwM,hyzjedytiqwm@example.com,0382929881
417,Ozhcd,XgazKJE,ozhcdxgazkje@example.com,9413072015
418,txSwb,eqxicpv,txswbeqxicpv@example.com,1351630188
419,VEJif,llSxaos,vejifllsxaos@example.com,7376994735
420,FxQjj,XIdeYTy,fxqjjxideyty@example.com,0822171002
421,OyyUl,MNZsFqT,oyyulmnzsfqt@example.com,6164179968
422,ynHtF,obGrkLp,ynhtfobgrklp@example.com,0739242833
423,xgHfr,xHdkLmS,xghfrxhdklms@example.com,1412695838
424,yTLgU,ZkyxoDn,ytlguzkyxodn@example.com,5774322234
425,MfwAw,BOOkNxM,mfwawbooknxm@example.com,0358770022
426,zuicc,yjPOUnU,zuiccyjpounu@example.com,8446623834
427,xZTtp,ICjlVzt,xzttpicjlvzt@example.com,6338557807
428,RlJLT,Useegrf,rljltuseegrf@example.com,4681667870
429,VdIrG,nBMftsV,vdirgnbmftsv@example.com,4447217080
430,DtGYI,exaUrOU,dtgyiexaurou@example.com,6658047018
431,OPqzX,jzmegzt,opqzxjzmegzt@example.com,6082118600
432,mewly,JSEQZSo,mewlyjseqzso@example.com,9857879647
433,jIaCd,uEbIRQU,jiacduebirqu@example.com,0259783370
434,LvbmF,hwXTgLR,lvbmfhwxtglr@example.com,1032291434
435,zfWjF,KrSMBQd,zfwjfkrsmbqd@example.com,5136026898
436,SHFTW,WPetmdL,shftwwpetmdl@example.com,7705785756
437,JxrIO,UVYRkoG,jxriouvyrkog@example.com,2167085410
438,TNyZS,odDGglj,tnyzsoddgglj@example.com,8657233505
439,QnFiW,HOCfYFd,qnfiwhocfyfd@example.com,7820822335
440,EJnyp,CcuVlRJ,ejnypccuvlrj@example.com,8924883094
441,NViMn,OFuTncU,nvimnofutncu@example.com,2162727833
442,NIvMH,FhUsWfD,nivmhfhuswfd@example.com,6372852361
443,eYmjK,IgYWpkj,eymjkigywpkj@example.com,8076667281
444,jUxoI,FdaGIRk,juxoifdagirk@example.com,1028464346
445,FPegx,GloicOV,fpegxgloicov@example.com,6730146052
446,tbsuQ,jczeVEf,tbsuqjczevef@example.com,6240767362
447,cgYTT,AfoGaxU,cgyttafogaxu@example.com,6198512204
448,tRrgN,wbmWQUA,trrgnwbmwqua@example.com,5431683435
449,aRArN,AAjpNyB,ararnaajpnyb@example.com,8035721465
450,zGAqs,caLPUyq,zgaqscalpuyq@example.com,8025126213
451,Zbwcl,IPpteef,zbwclippteef@example.com,9031181746
452,xGmiB,aTVFhwk,xgmibatvfhwk@example.com,6849083124
453,CJReW,AhWIPUw,cjrewahwipuw@example.com,4945602292
454,rWygp,qCQEQxr,rwygpqcqeqxr@example.com,9980784344
455,zbAyE,uFLqtPG,zbayeuflqtpg@example.com,4373410098
456,LYmvd,beurBtA,lymvdbeurbta@example.com,3163355423
457,oMTKd,Xlrsvnt,omtkdxlrsvnt@example.com,1584713444
458,DwdMX,xihQYqb,dwdmxxihqyqb@example.com,3791571653
459,CWMXh,KWNUSDZ,cwmxhkwnusdz@example.com,4686768813
460,Hwiag,VZjpcyJ,hwiagvzjpcyj@example.com,5869145226
461,vFFqv,LGEITLg,vffqvlgeitlg@example.com,1611075925
462,PxEfK,tgYdAWV,pxefktgydawv@example.com,2160204642
463,TIFls,DKTcFUz,tiflsdktcfuz@example.com,2500152449
464,fhuIT,vYoKnGP,fhuitvyokngp@example.com,5715969920
465,bPDlO,xwBwbJN,bpdloxwbwbjn@example.com,5478967278
466,bodlD,JVZDqmb,bodldjvzdqmb@example.com,4348983395
467,kzWGI,iQSDomA,kzwgiiqsdoma@example.com,1376299861
468,fTXAH,nQiShvR,ftxahnqishvr@example.com,1023369243
469,qtjYM,CcYQMXj,qtjymccyqmxj@example.com,6741521049
470,BReYl,zXrpSxf,breylzxrpsxf@example.com,6228510184
471,OOjkn,oyhiFbn,oojknoyhifbn@example.com,6728654594
472,RoVUQ,JjBiDZr,rovuqjjbidzr@example.com,6321941582
473,bqmzI,SYEySFw,bqmzisyeysfw@example.com,9197865858
474,DUutD,JVAIYvJ,duutdjvaiyvj@example.com,1172516423
475,JXZnG,CYykhum,jxzngcyykhum@example.com,1402187205
476,rSIro,PMvJrFz,rsiropmvjrfz@example.com,1576250263
477,AIJBG,BnkWwSi,aijbgbnkwwsi@example.com,1894723306
478,pGZiG,JoeIcHd,pgzigjoeichd@example.com,3579813517
479,OlcQk,DytSqYw,olcqkdytsqyw@example.com,5661540850
480,tYTJT,AdFMiir,tytjtadfmiir@example.com,7054616535
481,jofWG,XZDdwaj,jofwgxzddwaj@example.com,6412092945
482,skqXx,IpkOfyN,skqxxipkofyn@example.com,7634805259
483,rCPts,YTIkPER,rcptsytikper@example.com,4429988050
484,gIPTi,WnnMwIG,giptiwnnmwig@example.com,9447285032
485,gAnpd,hCJVOcC,ganpdhcjvocc@example.com,9391424301
486,wOYDT,nptdpfQ,woydtnptdpfq@example.com,1543534086
487,Uekuv,KisgXkg,uekuvkisgxkg@example.com,7978574363
488,cqZKu,QTKtSYw,cqzkuqtktsyw@example.com,6240969071
489,NajQy,lTepLgW,najqylteplgw@example.com,5214466348
490,GivCS,MfGlVex,givcsmfglvex@example.com,5516689238
491,YWqsT,ihHCnjP,ywqstihhcnjp@example.com,5023646675
492,DNfiR,KlFfyiS,dnfirklffyis@example.com,1152754967
493,pcquz,HRfqiec,pcquzhrfqiec@example.com,6901572194
494,auHgx,eQBQJwg,auhgxeqbqjwg@example.com,7478644375
495,AJOnn,qTiKiUq,ajonnqtikiuq@example.com,8524657594
496,VHebJ,nmoQDZP,vhebjnmoqdzp@example.com,2689648561
497,HehSh,CsZsHLS,hehshcszshls@example.com,7076859585
498,rzbvf,kLBDYAH,rzbvfklbdyah@example.com,5431322948
499,GoPee,YXiwVNx,gopeeyxiwvnx@example.com,6887016676
500,Uqwfd,GEYELVQ,uqwfdgeyelvq@example.com,2941652054
501,NjbNA,YZvCxkd,njbnayzvcxkd@example.com,6028388898
502,OCUqp,mYZdpxx,ocuqpmyzdpxx@example.com,7119720922
503,ABCOw,vhGNXNV,abcowvhgnxnv@example.com,4868435584
504,HbyEs,imnDVGD,hbyesimndvgd@example.com,9465944871
505,DXNmd,EMPVaRN,dxnmdempvarn@example.com,3887667936
506,qDjjv,poRRgAQ,qdjjvporrgaq@example.com,1054682245
507,gcTJA,sihEspM,gctjasihespm@example.com,8566182937
508,CzIoA,sUTIBxA,czioasutibxa@example.com,2859461354
509,tiQsK,ntwHdrN,tiqskntwhdrn@example.com,8648594924
510,lhkaO,vYNUUlj,lhkaovynuulj@example.com,2599791950
511,vQOMc,PLnoCKb,vqomcplnockb@example.com,7884509739
512,IzUXf,ghHStEd,izuxfghhsted@example.com,4672608586
513,tPQCa,abNbkLP,tpqcaabnbklp@example.com,6565025711
514,yXnxA,mcKeRgY,yxnxamckergy@example.com,0291405478
515,ZrhXj,wgWwlaI,zrhxjwgwwlai@example.com,5163983241
516,LShWK,OBRsuzo,lshwkobrsuzo@example.com,9776941868
517,bpfpz,skEHlbs,bpfpzskehlbs@example.com,5020935154
518,Fuuyq,zxuAUsY,fuuyqzxuausy@example.com,1308518801
519,YfDmW,fnNoQYh,yfdmwfnnoqyh@example.com,8048578625
520,FPrzY,kohbrKL,fprzykohbrkl@example.com,5893261328
521,pcIQz,QmCuuFW,pciqzqmcuufw@example.com,6582568608
522,hawLM,icvEyGP,hawlmicveygp@example.com,5337008390
523,YpveR,ptIxruA,ypverptixrua@example.com,4803108687
524,gaSBZ,FcldRkJ,gasbzfcldrkj@example.com,5135619072
525,PHUow,ohlCznL,phuowohlcznl@example.com,3495382096
526,bpbdr,GOTuRmV,bpbdrgoturmv@example.com,5828768689
527,SMfpS,TYBpPpn,smfpstybpppn@example.com,2047389981
528,dzxBq,GHgeSAL,dzxbqghgesal@example.com,0058095249
529,XxtBq,tbASUPg,xxtbqtbasupg@example.com,9905480969
530,dWdZQ,lucjNgG,dwdzqlucjngg@example.com,4423741410
531,VwonC,DuFrSoV,vwoncdufrsov@example.com,8305429837
532,BzVHa,hJrvMXK,bzvhahjrvmxk@example.com,6205779266
533,DYCUz,KeywbNG,dycuzkeywbng@example.com,5381957679
534,Ycoeg,uYdmlcg,ycoeguydmlcg@example.com,6044571346
535,Xxxhi,OaWasPV,xxxhioawaspv@example.com,1238062716
536,qLfUS,ZAajCiw,qlfuszaajciw@example.com,9010719700
537,GhEKL,StvVQMG,gheklstvvqmg@example.com,1240946166
538,zGCnm,UHCWwjh,zgcnmuhcwwjh@example.com,6909880752
539,Hjrsg,VFJUHoM,hjrsgvfjuhom@example.com,8922496683
540,wTPVI,uJGmZaq,wtpviujgmzaq@example.com,4147618308
541,UKflk,YwrVzMJ,ukflkywrvzmj@example.com,1398924373
542,NuwoW,SLaBTWL,nuwowslabtwl@example.com,0847061913
543,giGOa,uUSmoUZ,gigoauusmouz@example.com,5338904201
544,AlUup,srUpwKS,aluupsrupwks@example.com,3000750478
545,NgHVP,qoXFxOB,nghvpqoxfxob@example.com,5965757676
546,lpuWI,htywnUb,lpuwihtywnub@example.com,0940097412
547,NGBzH,TiPkkGL,ngbzhtipkkgl@example.com,1561556917
548,kbKtS,AZvdIgj,kbktsazvdigj@example.com,8681923295
549,ICkUI,rEfLNcW,ickuireflncw@example.com,7522855628
550,TJXBA,JSmvIfh,tjxbajsmvifh@example.com,8087341621
551,iVjzB,RlmIPsg,ivjzbrlmipsg@example.com,3092825899
552,IBMNl,GPJFZwl,ibmnlgpjfzwl@example.com,3602115742
553,oMjKF,KUXFVhD,omjkfkuxfvhd@example.com,2792099203
554,avtgZ,FUuRpIq,avtgzfuurpiq@example.com,9293320713
555,iollc,UNEXJar,iollcunexjar@example.com,9640200551
556,kKsNU,hOAbWDo,kksnuhoabwdo@example.com,0416054610
557,LEGdx,orJpChN,legdxorjpchn@example.com,7897180780
558,JnDnm,nFJTSaY,jndnmnfjtsay@example.com,7649268146
559,LOMxg,pIlaOGK,lomxgpilaogk@example.com,2430573753
560,YobdU,GqieNQz,yobdugqienqz@example.com,4527701939
561,YJIiJ,HxaDYGQ,yjiijhxadygq@example.com,1848340760
562,hkVai,yAgUJSo,hkvaiyagujso@example.com,8505618886
563,nLKmc,oNzomJq,nlkmconzomjq@example.com,2305205751
564,HuzuX,SktlghM,huzuxsktlghm@example.com,1234350185
565,RtPii,CRDOBHA,rtpiicrdobha@example.com,6794140491
566,PvFTo,XdksSFb,pvftoxdkssfb@example.com,8456271905
567,VEWRE,AxkAmtm,vewreaxkamtm@example.com,8425685795
568,FTtPs,kPkrQIF,fttpskpkrqif@example.com,1695075318
569,rRavU,CAfmmwf,rravucafmmwf@example.com,3485829773
570,xBwGO,DutUsEl,xbwgodutusel@example.com,4170170483
571,YsxAe,NmYMVNu,ysxaenmymvnu@example.com,0846660943
572,moDLx,AtaUyWR,modlxatauywr@example.com,1612961514
573,KJXVV,ocfyiLw,kjxvvocfyilw@example.com,9538212417
574,IKKBv,WTnSrva,ikkbvwtnsrva@example.com,7966555693
575,BdYut,koXUmqq,bdyutkoxumqq@example.com,9057799309
576,MUXre,BhHIVHu,muxrebhhivhu@example.com,6682149201
577,OdthT,SKGIscX,odthtskgiscx@example.com,8669799153
578,gWOmW,LCZTJGy,gwomwlcztjgy@example.com,8350868750
579,YbqvG,TpbHKEJ,ybqvgtpbhkej@example.com,2869322368
580,kfZfc,DJoDhlV,kfzfcdjodhlv@example.com,7740315219
581,SLqtl,bCqXUnN,slqtlbcqxunn@example.com,3054729045
582,KpBBr,XvVroMb,kpbbrxvvromb@example.com,8388250443
583,siiUQ,TbpBLNq,siiuqtbpblnq@example.com,0182517849
584,HFNsD,fBcSCSh,hfnsdfbcscsh@example.com,4800346781
585,XkKoZ,ZUJKydQ,xkkozzujkydq@example.com,9555292646
586,bNKHM,IrhZQbT,bnkhmirhzqbt@example.com,7632922912
587,XrSdC,qOgTMvt,xrsdcqogtmvt@example.com,7352851626
588,CJtUd,FeXYrKI,cjtudfexyrki@example.com,6107075914
589,sIVMU,audtXbG,sivmuaudtxbg@example.com,0265018889
590,gnqCK,sgGcDHL,gnqcksggcdhl@example.com,7314725743
591,YFazB,PIpDUBm,yfazbpipdubm@example.com,9157588408
592,wgAxV,ksDkvnS,wgaxvksdkvns@example.com,0786180362
593,KFzKB,ACWnaAI,kfzkbacwnaai@example.com,9722163978
594,XSNrO,BZTKWgy,xsnrobztkwgy@example.com,1224316566
595,aLyzX,HBZXiRZ,alyzxhbzxirz@example.com,7040922980
596,vBpBI,FOmUXaB,vbpbifomuxab@example.com,6224276868
597,NFZbJ,dxCjlYY,nfzbjdxcjlyy@example.com,9595219432
598,kuRiW,DLFGNCn,kuriwdlfgncn@example.com,4466793696
599,yqtrd,FjpQQfY,yqtrdfjpqqfy@example.com,6142955022
600,ZzZoF,aKwPXHs,zzzofakwpxhs@example.com,4643003884
601,ftSsU,EQDkWzn,ftssueqdkwzn@example.com,5269531429
602,rwAxt,vxeSdWh,rwaxtvxesdwh@example.com,8847934662
603,QXVKW,uFJkwZi,qxvkwufjkwzi@example.com,7903266415
604,JZNaK,jECVijq,jznakjecvijq@example.com,0367963849
605,PLnme,PMRMPUN,plnmepmrmpun@example.com,3533163638
606,UqBgx,lruIbMR,uqbgxlruibmr@example.com,0304975462
607,KfjxQ,mczxZVH,kfjxqmczxzvh@example.com,2138995024
608,GzNcl,EyGfARJ,gzncleygfarj@example.com,7386579329
609,NEYJv,NkDcxhf,neyjvnkdcxhf@example.com,3883893025
610,UBVyj,nlxuSTR,ubvyjnlxustr@example.com,2003817980
611,EdOEp,PbaeWHo,edoeppbaewho@example.com,1256355581
612,whlJF,hodAXZP,whljfhodaxzp@example.com,4575777064
613,YUvot,QvNRFZJ,yuvotqvnrfzj@example.com,9848415233
614,kwnGu,uqDNgdz,kwnguuqdngdz@example.com,0136259731
615,OCduZ,nJBMrSu,ocduznjbmrsu@example.com,3955558030
616,NEsqX,ZGNVFjr,nesqxzgnvfjr@example.com,8397548058
617,AJNRZ,LFnxuPq,ajnrzlfnxupq@example.com,8686795712
618,ZpcUN,mOSwuxk,zpcunmoswuxk@example.com,9745917861
619,ZDCgW,zzGraNq,zdcgwzzgranq@example.com,7196592357
620,AxMgQ,KPjTEqi,axmgqkpjteqi@example.com,6361221081
621,dGyyf,ByIIejD,dgyyfbyiiejd@example.com,4456618924
622,sWbVm,odSEdEi,swbvmodsedei@example.com,8624581450
623,qKJGO,guXpEGP,qkjgoguxpegp@example.com,7417612917
624,UTfLM,xBhKGzR,utflmxbhkgzr@example.com,1221846123
625,ouWeI,GRAYRNE,ouweigrayrne@example.com,5514301863
626,RYkbk,QCmhKDl,rykbkqcmhkdl@example.com,6082838674
627,GuMOF,oFBLaLL,gumofofblall@example.com,3049928993
628,hwbeD,xpbwFue,hwbedxpbwfue@example.com,8182011058
629,iLNcj,KOjxOMq,ilncjkojxomq@example.com,7459390623
630,umnGJ,VSsqjQn,umngjvssqjqn@example.com,6862920722
631,ZdMUC,EIdofci,zdmuceidofci@example.com,4905928006
632,BUELj,CPyKPEA,bueljcpykpea@example.com,5475946237
633,gxdug,njuWlnt,gxdugnjuwlnt@example.com,5699441025
634,qniKO,xDlFSGU,qnikoxdlfsgu@example.com,4741795145
635,CfShN,pIGtpMt,cfshnpigtpmt@example.com,0339960113
636,NDBIO,puXjHqj,ndbiopuxjhqj@example.com,1543352343
637,bwJsw,VqhVmQL,bwjswvqhvmql@example.com,5249177464
638,oFOht,zpBIBpd,ofohtzpbibpd@example.com,4576045793
639,dtwZN,PvvlYcq,dtwznpvvlycq@example.com,0712485854
640,KSsbR,AyadOnG,kssbrayadong@example.com,4406957031
641,CkcuF,jsmViIs,ckcufjsmviis@example.com,7635276777
642,VPbFS,lFQRztx,vpbfslfqrztx@example.com,2528759260
643,jeyVO,jKwQeaX,jeyvojkwqeax@example.com,9555047204
644,cEWFi,IbvlNOY,cewfiibvlnoy@example.com,0241551146
645,Wlcby,wurGALu,wlcbywurgalu@example.com,0615827709
646,esokz,lULMMws,esokzlulmmws@example.com,8341601552
647,vJHBi,HvlPKil,vjhbihvlpkil@example.com,7712479718
648,QPIQH,AvyAxfy,qpiqhavyaxfy@example.com,6267863172
649,Vdfoo,dUtUWir,vdfoodutuwir@example.com,8078470257
650,GgqQs,JUNAdxL,ggqqsjunadxl@example.com,4233837952
651,bOCAn,CZbAKsE,bocanczbakse@example.com,5503227660
652,RFoWN,wfkeWfY,rfownwfkewfy@example.com,6664801788
653,TusTV,GGHtKUL,tustvgghtkul@example.com,8018927585
654,hnYEz,WFSItUv,hnyezwfsituv@example.com,0054599883
655,Fakyf,gkRYLGH,fakyfgkrylgh@example.com,0884817572
656,daexq,tyYrJPP,daexqtyyrjpp@example.com,9389618387
657,TeAeG,QBIplBv,teaegqbiplbv@example.com,8157750012
658,fPPZw,TbanZcQ,fppzwtbanzcq@example.com,0819016878
659,wjRdX,TKVzuIk,wjrdxtkvzuik@example.com,7437103852
660,CCZrp,lWZlRjr,cczrplwzlrjr@example.com,4818126266
661,egdVs,NdYAqlN,egdvsndyaqln@example.com,2274719418
662,nbLOR,SpmEwJG,nblorspmewjg@example.com,7321029098
663,jkgRH,XwPtFXx,jkgrhxwptfxx@example.com,6587371446
664,ivWzQ,GdlVUAE,ivwzqgdlvuae@example.com,7766597186
665,gwvSV,GXOLFQY,gwvsvgxolfqy@example.com,0673653454
666,WWqwK,rKPQYnx,wwqwkrkpqynx@example.com,9005161407
667,ISHFI,NfoXKdT,ishfinfoxkdt@example.com,5365046478
668,IZPwu,QucnCrx,izpwuqucncrx@example.com,3425871622
669,DFMDd,cGHPMuZ,dfmddcghpmuz@example.com,5806944171
670,WuTVS,YvXozqg,wutvsyvxozqg@example.com,3923661012
671,IFgjL,ejaTtXU,ifgjlejattxu@example.com,6583830863
672,RohFJ,TMwmiRS,rohfjtmwmirs@example.com,6846053461
673,JtlQu,ALGUebJ,jtlqualguebj@example.com,6117124675
674,aoteQ,MMzJhoJ,aoteqmmzjhoj@example.com,4812824575
675,JUfCC,DcqoJRK,jufccdcqojrk@example.com,7457349290
676,opHgu,sMZZYTW,ophgusmzzytw@example.com,4366558845
677,kNIPQ,dpmhwbd,knipqdpmhwbd@example.com,4745514865
678,EbWar,ylGrcmU,ebwarylgrcmu@example.com,4332834678
679,eYIBK,ICqRPjo,eyibkicqrpjo@example.com,3630835752
680,nHNku,uedpnaq,nhnkuuedpnaq@example.com,3442779536
681,HOlyE,qFJKUum,holyeqfjkuum@example.com,6814134742
682,fwebv,lMNVirA,fwebvlmnvira@example.com,3405884722
683,QXdAb,bgpILvD,qxdabbgpilvd@example.com,5227514975
684,BLycX,KOKVfTs,blycxkokvfts@example.com,5038020671
685,nVZXL,gyOGcjv,nvzxlgyogcjv@example.com,3229560859
686,bOLce,pqkOJcy,bolcepqkojcy@example.com,1465169402
687,TIRPE,fpNOAAj,tirpefpnoaaj@example.com,7118759994
688,kTOur,jNfcgRf,ktourjnfcgrf@example.com,1221592157
689,WWAjp,avzJHbA,wwajpavzjhba@example.com,9815395606
690,WzPQr,peJCQtc,wzpqrpejcqtc@example.com,0828475402
691,kGiLD,CPzEQas,kgildcpzeqas@example.com,0625396610
692,PvlNW,lOTHOAD,pvlnwlothoad@example.com,4353737151
693,LNJCD,RCJVEEs,lnjcdrcjvees@example.com,3434519268
694,UJQSd,UesFCaz,ujqsduesfcaz@example.com,8940258300
695,knWbA,iBjwzKE,knwbaibjwzke@example.com,8513401073
696,wUHxs,vYVUlnJ,wuhxsvyvulnj@example.com,2697021632
697,HaXsH,idlHtDr,haxshidlhtdr@example.com,4255884911
698,ooCkS,TuigZdg,oockstuigzdg@example.com,8634246900
699,IyDgY,ANzxSFq,iydgyanzxsfq@example.com,1863862945
700,SXdfl,LMCvVme,sxdfllmcvvme@example.com,6221152326
701,Oqngi,MRSnIip,oqngimrsniip@example.com,0973750685
702,dpetI,SmdFRZa,dpetismdfrza@example.com,4434152290
703,NbIrV,odUnsmE,nbirvodunsme@example.com,3592240194
704,ZseUl,HodcEWH,zseulhodcewh@example.com,5422960190
705,syqFw,ZTBjggK,syqfwztbjggk@example.com,4581716486
706,vvuUG,JnBtheV,vvuugjnbthev@example.com,7460431143
707,YsCZM,TICQyfC,ysczmticqyfc@example.com,0954028260
708,mXZKj,pGvHPch,mxzkjpgvhpch@example.com,1109087657
709,qPYpM,XehuQyi,qpypmxehuqyi@example.com,2241896600
710,TIJAE,fOBeDQx,tijaefobedqx@example.com,1936774231
711,BlhiK,kZOeJHK,blhikkzoejhk@example.com,7129784519
712,lbzHi,DkvNgAo,lbzhidkvngao@example.com,9463631657
713,poCJf,ULaElit,pocjfulaelit@example.com,9253614119
714,DTOeS,jOGfaIf,dtoesjogfaif@example.com,9439189228
715,IgtzX,TSHGYjU,igtzxtshgyju@example.com,0177493683
716,GEHyP,MvJNrUS,gehypmvjnrus@example.com,2507308688
717,vLiPu,jQaafFz,vlipujqaaffz@example.com,6017934374
718,Mdgfo,pzzfOFy,mdgfopzzfofy@example.com,7932026206
719,vQRyM,yAvFGEK,vqrymyavfgek@example.com,2046641450
720,KcMtK,dbZAfkx,kcmtkdbzafkx@example.com,2663901418
721,PWQtk,JaWHGjb,pwqtkjawhgjb@example.com,0516138808
722,MdFrb,daBYPCt,mdfrbdabypct@example.com,4625056606
723,cdJiH,BSgInVX,cdjihbsginvx@example.com,7491821306
724,ngOqf,eNfyxGL,ngoqfenfyxgl@example.com,0977020354
725,aDVHD,dJaVbOH,advhddjavboh@example.com,7425857198
726,iQtvu,zmAJFnM,iqtvuzmajfnm@example.com,5755688573
727,VRZPS,jDjBtPY,vrzpsjdjbtpy@example.com,3731517716
728,YQvHr,elKwsgs,yqvhrelkwsgs@example.com,1103715865
729,whxet,MCojzuK,whxetmcojzuk@example.com,2606112724
730,JPXPF,NgdeeMj,jpxpfngdeemj@example.com,3511523671
731,KjDuZ,SpXXpur,kjduzspxxpur@example.com,2062109304
732,ravpI,UcEyrIN,ravpiuceyrin@example.com,7826716646
733,BPCwe,AbxyTSv,bpcweabxytsv@example.com,0006130802
734,ifgaQ,giCuJmV,ifgaqgicujmv@example.com,1736280903
735,KqFPA,aIkxGmb,kqfpaaikxgmb@example.com,7612565606
736,CUBYr,DfYnZDF,cubyrdfynzdf@example.com,9692848130
737,kUYvk,XIkUIzA,kuyvkxikuiza@example.com,7714117246
738,UbjYX,GLBxZig,ubjyxglbxzig@example.com,0888642368
739,MisKG,WdhCLFl,miskgwdhclfl@example.com,6858652742
740,DRqZS,hiiPePW,drqzshiipepw@example.com,5280566408
741,IQdwF,wcWTQgo,iqdwfwcwtqgo@example.com,1482346435
742,LroGr,BTKsACd,lrogrbtksacd@example.com,1728118780
743,mHNux,VNDLONW,mhnuxvndlonw@example.com,8137311722
744,DzNcY,Ukrnvqy,dzncyukrnvqy@example.com,9849269956
745,sEuos,UqIyTgm,seuosuqiytgm@example.com,6293230209
746,KrAeW,aPMmpAC,kraewapmmpac@example.com,5611281953
747,FvACF,BaiXelN,fvacfbaixeln@example.com,7754377967
748,JCgQA,SRwmGnd,jcgqasrwmgnd@example.com,7387985905
749,OMycV,MVwJkFw,omycvmvwjkfw@example.com,0993067149
750,NYnIC,rkjQxHR,nynicrkjqxhr@example.com,1526008471
751,ubKcT,QMWjqOM,ubkctqmwjqom@example.com,4683972245
752,eLtbG,BWgzPCR,eltbgbwgzpcr@example.com,8509643513
753,xaVgf,EFHAsFC,xavgfefhasfc@example.com,7825508317
754,NZLHR,hZDsTko,nzlhrhzdstko@example.com,4651192672
755,SbNUC,GQPZQtP,sbnucgqpzqtp@example.com,0078431088
756,HBBEf,QEFznpN,hbbefqefznpn@example.com,5464945818
757,wSOnN,PQnDsms,wsonnpqndsms@example.com,4995012109
758,awKVi,xEerxVZ,awkvixeerxvz@example.com,3492216350
759,xMkrl,VZjXYyR,xmkrlvzjxyyr@example.com,9353402625
760,uPBgY,GJAowcw,upbgygjaowcw@example.com,0420942548
761,rRDWW,cdaMYOG,rrdwwcdamyog@example.com,9004926811
762,YUTvZ,XUpOmmA,yutvzxupomma@example.com,3731985050
763,FWkud,MIpfvHM,fwkudmipfvhm@example.com,5723648122
764,rSgkX,oMmQrgi,rsgkxommqrgi@example.com,9411550223
765,OvCtb,FhHPjci,ovctbfhhpjci@example.com,8949309458
766,ylPzJ,XkGplVA,ylpzjxkgplva@example.com,9281129012
767,yOgHp,VZzQqZA,yoghpvzzqqza@example.com,5876076184
768,AABDi,rrZJiUF,aabdirrzjiuf@example.com,6167904831
769,WSRKj,nXUqtAR,wsrkjnxuqtar@example.com,4330007244
770,AlRGV,ZeEsNTH,alrgvzeesnth@example.com,2905540349
771,ruCMo,OKDAUeg,rucmookdaueg@example.com,2281950162
772,esMkT,BMzzpiG,esmktbmzzpig@example.com,4307634508
773,LKpdi,xHsULfz,lkpdixhsulfz@example.com,4477962263
774,jhksO,eyfbSva,jhksoeyfbsva@example.com,5277168376
775,NFqBS,KpkdFsk,nfqbskpkdfsk@example.com,3709772830
776,zyAIN,EAwzIOq,zyaineawzioq@example.com,5943587043
777,GMIEk,pAclZWr,gmiekpaclzwr@example.com,6413283161
778,YChtx,fqFCaQz,ychtxfqfcaqz@example.com,1977474296
779,NUxJX,iOOblpU,nuxjxiooblpu@example.com,1041007743
780,AMdDb,YqcuCWl,amddbyqcucwl@example.com,2139054001
781,qjbGE,pqwQAmP,qjbgepqwqamp@example.com,4359699103
782,sznNR,mgQtctq,sznnrmgqtctq@example.com,9656681980
783,ReEVd,CbEIcNC,reevdcbeicnc@example.com,4548028320
784,loDrz,xLJhvvB,lodrzxljhvvb@example.com,2069349991
785,ysoaK,LyNdvza,ysoaklyndvza@example.com,9148712050
786,gvRMe,hUuUEha,gvrmehuuueha@example.com,5562836956
787,UQliU,OyhxnPG,uqliuoyhxnpg@example.com,3027577176
788,cVHUq,ajvFxkl,cvhuqajvfxkl@example.com,2615861537
789,QePOA,EFckLVc,qepoaefcklvc@example.com,3778043918
790,cVWSi,dOljrUL,cvwsidoljrul@example.com,9181994499
791,uOuxN,UaLahjd,uouxnualahjd@example.com,0655001519
792,MedUh,ptCGraP,meduhptcgrap@example.com,4650468211
793,vthlB,JFpXyjh,vthlbjfpxyjh@example.com,9644559804
794,HbHiM,vOdAXWc,hbhimvodaxwc@example.com,1334039983
795,lnsQQ,aWuYHyo,lnsqqawuyhyo@example.com,2221812208
796,HKhea,PMhCTqA,hkheapmhctqa@example.com,7944637886
797,sYHKK,JnmeGeE,syhkkjnmegee@example.com,2694399086
798,IJmxT,lUnJVSn,ijmxtlunjvsn@example.com,3441821300
799,atXNK,sbqnpsv,atxnksbqnpsv@example.com,9598686510
800,hvKTo,bhneCst,hvktobhnecst@example.com,8349264274
801,FRLku,GHmyWUS,frlkughmywus@example.com,8600588491
802,Vdgni,IFitNVP,vdgniifitnvp@example.com,6469182465
803,wsNBg,XwQhikW,wsnbgxwqhikw@example.com,4224417571
804,kuEgZ,TrfvsLC,kuegztrfvslc@example.com,3354172777
805,TAuHP,YSVhqlV,tauhpysvhqlv@example.com,3540494662
806,mdSWG,kAzlMIT,mdswgkazlmit@example.com,8031778270
807,XFFkW,vptCErr,xffkwvptcerr@example.com,5837388064
808,rdoOd,dGbIMAs,rdooddgbimas@example.com,8299798829
809,jBhzG,NzkYXQd,jbhzgnzkyxqd@example.com,4374125479
810,LwmSe,MAwDALn,lwmsemawdaln@example.com,1784285385
811,FbYAT,sJtMCNm,fbyatsjtmcnm@example.com,6148116810
812,RzyIJ,oMWgcmO,rzyijomwgcmo@example.com,1052083626
813,ElzdA,cdMJubB,elzdacdmjubb@example.com,2891431646
814,fnSER,sbekRxR,fnsersbekrxr@example.com,8918839646
815,lcscB,KuPWtjk,lcscbkupwtjk@example.com,8251816083
816,zxfwi,ykOuZeN,zxfwiykouzen@example.com,8145204341
817,KDvTy,kdKeITO,kdvtykdkeito@example.com,6344909018
818,XhPwc,cxjSPps,xhpwccxjspps@example.com,2958430222
819,XlITP,OaemcHb,xlitpoaemchb@example.com,4491453944
820,iaPhm,mmuqrpK,iaphmmmuqrpk@example.com,1284642470
821,wsDIr,RCRNvqm,wsdirrcrnvqm@example.com,9825427820
822,zXKzq,qZIemip,zxkzqqziemip@example.com,0503405092
823,lvKRl,paysyfS,lvkrlpaysyfs@example.com,8281634120
824,uMOwW,mzNbXMm,umowwmznbxmm@example.com,8076057622
825,lKniD,xFAFReE,lknidxfafree@example.com,9784786733
826,NmFSO,hDEqYPl,nmfsohdeqypl@example.com,7121267411
827,dtiox,hyzayOj,dtioxhyzayoj@example.com,6285256910
828,XzrUR,gDMswGR,xzrurgdmswgr@example.com,9802422472
829,qSdGp,guwUXOj,qsdgpguwuxoj@example.com,0726448116
830,ntauE,TUDfVeo,ntauetudfveo@example.com,8740923715
831,hsuKg,wHFRhjB,hsukgwhfrhjb@example.com,3419510444
832,Qfedp,REEwTxw,qfedpreewtxw@example.com,6448379480
833,EjXjn,KUohvXe,ejxjnkuohvxe@example.com,9002978369
834,PZOHP,TdBqehJ,pzohptdbqehj@example.com,2137575687
835,qbiiC,pkZhXpH,qbiicpkzhxph@example.com,5851003373
836,GQIKC,QTxhiaD,gqikcqtxhiad@example.com,6042674552
837,XBMuW,BAgsXos,xbmuwbagsxos@example.com,7690488696
838,sTzbT,PhYskwq,stzbtphyskwq@example.com,7973696443
839,ojJEY,ABwCtbM,ojjeyabwctbm@example.com,3382673455
840,zRAUu,kXMUdtz,zrauukxmudtz@example.com,8498304043
841,fCzhG,bmbtvFy,fczhgbmbtvfy@example.com,3637653537
842,RlTkH,XTtqpIo,rltkhxttqpio@example.com,3716606142
843,bBwZP,QnYwBTC,bbwzpqnywbtc@example.com,4064876146
844,NENGF,sYixBlF,nengfsyixblf@example.com,9349742251
845,pXWkQ,azyQgyN,pxwkqazyqgyn@example.com,9427947810
846,IAGfB,KlNSMzd,iagfbklnsmzd@example.com,1448769150
847,MSriH,gZbItaV,msrihgzbitav@example.com,3115404066
848,Awegw,FzPsFdt,awegwfzpsfdt@example.com,7726850274
849,QnsjF,DvWiUBe,qnsjfdvwiube@example.com,9136609416
850,nIaSz,mcXnFJt,niaszmcxnfjt@example.com,7331646011
851,Yyxia,SZLVKWs,yyxiaszlvkws@example.com,7526368001
852,hWUdm,sSWYPXE,hwudmsswypxe@example.com,8598802322
853,TuCdm,CEpYYKi,tucdmcepyyki@example.com,3071731664
854,fRhBR,dvQAHoW,frhbrdvqahow@example.com,2524079796
855,KUAri,xusuvWH,kuarixusuvwh@example.com,5298689329
856,QwJim,bxAIqNW,qwjimbxaiqnw@example.com,5922830200
857,BoSkO,iGqQbDd,boskoigqqbdd@example.com,9971106303
858,niQmy,QDSdqsz,niqmyqdsdqsz@example.com,8956950229
859,WAmTN,RSksQMb,wamtnrsksqmb@example.com,1498515647
860,NnkGu,TdsnLrT,nnkgutdsnlrt@example.com,0476340352
861,JmSvg,kRiBQja,jmsvgkribqja@example.com,5487340769
862,aDoVI,zUvSUCF,adovizuvsucf@example.com,6217683103
863,PNDpb,MiEsQYO,pndpbmiesqyo@example.com,7462888675
864,UAPTn,peDacrs,uaptnpedacrs@example.com,4218897794
865,yzRWG,nJeeuXJ,yzrwgnjeeuxj@example.com,8924951011
866,zWRkU,jaTqSXl,zwrkujatqsxl@example.com,1457508149
867,xlRIi,PWzOsVT,xlriipwzosvt@example.com,4101195934
868,nCgTK,YjWFXJW,ncgtkyjwfxjw@example.com,4923602324
869,SOSmF,ArbokJe,sosmfarbokje@example.com,9933925321
870,IDeNd,bUUvMAH,idendbuuvmah@example.com,6279465871
871,kIgiW,vWxopXe,kigiwvwxopxe@example.com,0582232021
872,IfGcw,xaacUfC,ifgcwxaacufc@example.com,8226006350
873,UmXXv,NfweuSc,umxxvnfweusc@example.com,2507154888
874,oSCrT,DinYiOz,oscrtdinyioz@example.com,5468104617
875,zzAsx,VnaeqfT,zzasxvnaeqft@example.com,6309114337
876,qOCmV,sMATeVk,qocmvsmatevk@example.com,3162051153
877,AwRoB,XSazKcg,awrobxsazkcg@example.com,5386531652
878,FPqES,ThpSGuJ,fpqesthpsguj@example.com,6976926814
879,jrvdW,nhmIGXY,jrvdwnhmigxy@example.com,1730915612
880,YRJPR,pRMItQS,yrjprprmitqs@example.com,3832257954
881,vvuPo,UCsaCWG,vvupoucsacwg@example.com,6497101606
882,ZDanw,LyAcwPK,zdanwlyacwpk@example.com,0642026662
883,nRISs,jkrKRYV,nrissjkrkryv@example.com,2836851837
884,jdwXU,zhOLtai,jdwxuzholtai@example.com,5086192236
885,ehUXv,DYlnPIB,ehuxvdylnpib@example.com,5883102297
886,EZXNn,ezWjnYE,ezxnnezwjnye@example.com,9929199209
887,YZzvl,HMpVKbJ,yzzvlhmpvkbj@example.com,4225380620
888,XMYHq,qBaqzEi,xmyhqqbaqzei@example.com,1188795276
889,snPTq,bmyzYgj,snptqbmyzygj@example.com,2793326369
890,wrzRq,owbemTn,wrzrqowbemtn@example.com,0974991403
891,YbrDI,iOvcDQk,ybrdiiovcdqk@example.com,3541179750
892,zBhjF,yQhKBXH,zbhjfyqhkbxh@example.com,1956222627
893,Nfuun,xCBmwHn,nfuunxcbmwhn@example.com,6565115566
894,ogrIt,gwnpOLA,ogritgwnpola@example.com,2974279846
895,OhuYf,VRhUOJR,ohuyfvrhuojr@example.com,2084781303
896,ClTwK,vvxrmyr,cltwkvvxrmyr@example.com,3628061130
897,fLSrj,OBcDxkI,flsrjobcdxki@example.com,8378748591
898,rjuct,bdJgWfX,rjuctbdjgwfx@example.com,3852343813
899,sWIEo,ZvwGGij,swieozvwggij@example.com,8944075270
900,PKstu,rqYAQjP,pksturqyaqjp@example.com,1045819833
901,CyPws,MGleLxh,cypwsmglelxh@example.com,1629982567
902,JNyNb,hnuIESz,jnynbhnuiesz@example.com,5462771846
903,EnLxn,dAyCepl,enlxndaycepl@example.com,8965129908
904,alhkH,TMoJUwY,alhkhtmojuwy@example.com,1985572565
905,lRgvE,vLjiAWm,lrgvevljiawm@example.com,4198954981
906,nJgLm,FZJMJLA,njglmfzjmjla@example.com,0566103305
907,dYYSF,apSAHhi,dyysfapsahhi@example.com,5849959137
908,gamNs,LZVYMCj,gamnslzvymcj@example.com,6075074418
909,vQKKN,NFEguOF,vqkknnfeguof@example.com,7235812840
910,EfYjE,XxokDoU,efyjexxokdou@example.com,9540102966
911,cayaM,HfbnlFP,cayamhfbnlfp@example.com,4734742669
912,YzHRO,wyiRrSa,yzhrowyirrsa@example.com,0016498971
913,twEJe,KkTTyLO,twejekkttylo@example.com,3937409313
914,FAcOZ,qgDXbdA,facozqgdxbda@example.com,4958237204
915,EPaPx,NDlcDfu,epapxndlcdfu@example.com,7484928486
916,SIplh,WjvNkrx,siplhwjvnkrx@example.com,1597031345
917,ibxOT,VsyXhqD,ibxotvsyxhqd@example.com,9760655797
918,RQipP,thGDIlU,rqippthgdilu@example.com,2282075813
919,rNitp,qUHwRPX,rnitpquhwrpx@example.com,0441826888
920,ZLByZ,PwWkWyj,zlbyzpwwkwyj@example.com,3642918762
921,lkvsm,DXFkckB,lkvsmdxfkckb@example.com,4694238030
922,FmaWO,LkaCwWb,fmawolkacwwb@example.com,7458134245
923,rZzER,kEPhGeK,rzzerkephgek@example.com,5187971657
924,Zrrol,IHbejuE,zrrolihbejue@example.com,8231077405
925,zPDFo,WqEZWjE,zpdfowqezwje@example.com,8622569572
926,niXkD,HAblDhR,nixkdhabldhr@example.com,0753411267
927,VcQsA,mwSvIbN,vcqsamwsvibn@example.com,2875033820
928,SRRis,iWYuazE,srrisiwyuaze@example.com,8418495322
929,iZYPC,mLDbdIc,izypcmldbdic@example.com,7808390803
930,ZqDuD,OfHfNPH,zqdudofhfnph@example.com,1942526052
931,qMecl,GwRSaVu,qmeclgwrsavu@example.com,8865011901
932,raqlT,ckSjfTp,raqltcksjftp@example.com,0205232386
933,uyiIS,roAEDBB,uyiisroaedbb@example.com,8888524969
934,qspXt,FlRNdkb,qspxtflrndkb@example.com,9011224598
935,VUusH,ZmXfdKG,vuushzmxfdkg@example.com,4309492304
936,NNqXA,FdodjdH,nnqxafdodjdh@example.com,6192988487
937,XhoNO,HiKxAFu,xhonohikxafu@example.com,3897811850
938,Ktpst,NMHunZX,ktpstnmhunzx@example.com,8802951264
939,quEsX,BEkhOAc,quesxbekhoac@example.com,7076255585
940,OTFfq,wsUxNID,otffqwsuxnid@example.com,5011399667
941,PMOvF,JREdzdX,pmovfjredzdx@example.com,5212097863
942,sIJkr,QuvaBoL,sijkrquvabol@example.com,0369350596
943,Wwjeg,OTaYfPC,wwjegotayfpc@example.com,6139219984
944,pFHmu,xjrlCxo,pfhmuxjrlcxo@example.com,0337231955
945,fTFED,FtyeCsj,ftfedftyecsj@example.com,7299386464
946,mrBOp,qXEhzKg,mrbopqxehzkg@example.com,5937096687
947,ZShWg,qdvlfWQ,zshwgqdvlfwq@example.com,4899193543
948,rMWYH,kSYTvPB,rmwyhksytvpb@example.com,9600744177
949,VeJvN,baAiuCZ,vejvnbaaiucz@example.com,6231875301
950,Ksjbq,EAZytEh,ksjbqeazyteh@example.com,3727484374
951,fAqFJ,xpwThyo,faqfjxpwthyo@example.com,8789165563
952,KeZzk,OHxfGEw,kezzkohxfgew@example.com,0886804297
953,NYwzp,zygRmzj,nywzpzygrmzj@example.com,7290140594
954,DvusC,UbeCUFB,dvuscubecufb@example.com,3598898998
955,uXwYw,XdqRtIR,uxwywxdqrtir@example.com,9606358238
956,lAcxY,lFKGZWK,lacxylfkgzwk@example.com,0480255847
957,DRzcj,dFImPdA,drzcjdfimpda@example.com,7307034143
958,yTBmQ,yupWpQp,ytbmqyupwpqp@example.com,1958612807
959,IUEwV,yBpnAUn,iuewvybpnaun@example.com,2929551832
960,mLdST,UlOuYMM,mldstulouymm@example.com,1370968060
961,yoMNK,OnojmVc,yomnkonojmvc@example.com,1730703047
962,Pidsr,vvhamnp,pidsrvvhamnp@example.com,6182518986
963,nZRsd,bJzGkpC,nzrsdbjzgkpc@example.com,2572060943
964,TorFC,UtShiyg,torfcutshiyg@example.com,6971117562
965,urkni,YOrVjhb,urkniyorvjhb@example.com,1602298019
966,RzHrn,XdSvXUe,rzhrnxdsvxue@example.com,6978981343
967,NjbBA,qEpDhop,njbbaqepdhop@example.com,9496124868
968,lZLUp,yDUQbag,lzlupyduqbag@example.com,3484189165
969,eZxvP,RxqlASL,ezxvprxqlasl@example.com,9226790535
970,kUWHj,oyihmVI,kuwhjoyihmvi@example.com,8265238801
971,QbunG,jZUXXlt,qbungjzuxxlt@example.com,6658878222
972,wXLIb,IbWBsrT,wxlibibwbsrt@example.com,9081713155
973,HgiHu,QFksIcB,hgihuqfksicb@example.com,7879425283
974,ODgtQ,yJNzmWy,odgtqyjnzmwy@example.com,5742850031
975,GsYIT,hcJNhQB,gsyithcjnhqb@example.com,7212999732
976,HzQnd,PVUKEWX,hzqndpvukewx@example.com,8798356314
977,EqmGf,FdpakYF,eqmgffdpakyf@example.com,4032297382
978,mxDzg,IltJkMC,mxdzgiltjkmc@example.com,8655089586
979,uhvsH,WWxprpU,uhvshwwxprpu@example.com,3312333496
980,fHJmn,LoutYEW,fhjmnloutyew@example.com,3384924702
981,soRQi,FaUIvos,sorqifauivos@example.com,4588995713
982,HzggG,huAGquB,hzggghuagqub@example.com,3659311274
983,JaJNY,mvqzTAw,jajnymvqztaw@example.com,1215554740
984,SpRSm,JCBfySz,sprsmjcbfysz@example.com,4954890066
985,MXdpt,QmeBtfU,mxdptqmebtfu@example.com,6169994963
986,vfRHg,xCvEUuh,vfrhgxcveuuh@example.com,1710445067
987,haPMp,vgLplWp,hapmpvglplwp@example.com,8480864084
988,LSlBV,XwREAMk,lslbvxwreamk@example.com,7150345113
989,WhKiU,rsGZHEn,whkiursgzhen@example.com,2170516431
990,SHXXs,OUhLpjd,shxxsouhlpjd@example.com,8328338542
991,sWkBO,abixTXL,swkboabixtxl@example.com,9736680263
992,VKyax,yzEDbdT,vkyaxyzedbdt@example.com,7823162734
993,YdYIh,zfPwTcG,ydyihzfpwtcg@example.com,8249768087
994,OpyRm,GUKWrER,opyrmgukwrer@example.com,3507912893
995,XVVlb,pLZuozs,xvvlbplzuozs@example.com,8761498162
996,pxxFX,PFObimO,pxxfxpfobimo@example.com,0823674728
997,eSSDV,rlHezel,essdvrlhezel@example.com,3402605582
998,PzQrO,MsgCCSm,pzqromsgccsm@example.com,7890165171
999,HVyPm,qIlVEWb,hvypmqilvewb@example.com,8534239635
1000,HghhW,WYhLkej,hghhwwyhlkej@example.com,0765264024
